incluirServicos,id,nome,descricao,planoTarifario,planoTarifarioId,valor
				,41436,FRANQUIA_DADOS_300KB_1.50,FRANQUIA_DADOS_300KB_1.50,1201,1201,1.50
				,41437,FRANQUIA_DADOS_300KB_8.00,FRANQUIA_DADOS_300KB_8.00,1201,1201,8.00
				,41438,FRANQUIA_DADOS_300KB_10.90,FRANQUIA_DADOS_300KB_10.90,1201,1201,10.90
				,41439,FRANQUIA_DADOS_300KB_11.90,FRANQUIA_DADOS_300KB_11.90,1201,1201,11.90
				,41440,FRANQUIA_DADOS_300KB_12.90,FRANQUIA_DADOS_300KB_12.90,1201,1201,12.90
				,41441,FRANQUIA_DADOS_300KB_12.90,FRANQUIA_DADOS_300KB_12.90,1201,1201,12.90
				,41442,FRANQUIA_DADOS_300KB_14.90,FRANQUIA_DADOS_300KB_14.90,1201,1201,14.90
				,41443,FRANQUIA_DADOS_300KB_15.90,FRANQUIA_DADOS_300KB_15.90,1201,1201,15.90
				,41444,FRANQUIA_DADOS_300KB_16.90,FRANQUIA_DADOS_300KB_16.90,1201,1201,16.90
				,41445,FRANQUIA_DADOS_300KB_17.90,FRANQUIA_DADOS_300KB_17.90,1201,1201,17.90
				,41446,FRANQUIA_DADOS_300KB_18.90,FRANQUIA_DADOS_300KB_18.90,1201,1201,18.90
				,41447,FRANQUIA_DADOS_300KB_22.90,FRANQUIA_DADOS_300KB_22.90,1201,1201,22.90
				,41448,FRANQUIA_DADOS_300KB_23.90,FRANQUIA_DADOS_300KB_23.90,1201,1201,23.90
				,41449,FRANQUIA_DADOS_300KB_26.90,FRANQUIA_DADOS_300KB_26.90,1201,1201,26.90
				,41450,FRANQUIA_DADOS_300KB_27.90,FRANQUIA_DADOS_300KB_27.90,1201,1201,27.90
				,41451,FRANQUIA_DADOS_300KB_31.90,FRANQUIA_DADOS_300KB_31.90,1201,1201,31.90
				,41452,FRANQUIA_DADOS_300KB_34.90,FRANQUIA_DADOS_300KB_34.90,1201,1201,34.90
				,41453,FRANQUIA_DADOS_300KB_39.90,FRANQUIA_DADOS_300KB_39.90,1201,1201,39.90
				,41454,FRANQUIA_DADOS_300KB_43.90,FRANQUIA_DADOS_300KB_43.90,1201,1201,43.90
				,41455,FRANQUIA_DADOS_300KB_46.90,FRANQUIA_DADOS_300KB_46.90,1201,1201,46.90
				,41456,FRANQUIA_DADOS_300KB_63.90,FRANQUIA_DADOS_300KB_63.90,1201,1201,63.90
				,41457,FRANQUIA_DADOS_300KB_76.90,FRANQUIA_DADOS_300KB_76.90,1201,1201,76.90
				,41458,FRANQUIA_DADOS_1MB_8.00,FRANQUIA_DADOS_1MB_8.00,1202,1202,8.00
				,41459,FRANQUIA_DADOS_1MB_10.90,FRANQUIA_DADOS_1MB_10.90,1202,1202,10.90
				,41460,FRANQUIA_DADOS_1MB_11.90,FRANQUIA_DADOS_1MB_11.90,1202,1202,11.90
				,41461,FRANQUIA_DADOS_1MB_12.90,FRANQUIA_DADOS_1MB_12.90,1202,1202,12.90
				,41462,FRANQUIA_DADOS_1MB_13.90,FRANQUIA_DADOS_1MB_13.90,1202,1202,13.90
				,41463,FRANQUIA_DADOS_1MB_14.90,FRANQUIA_DADOS_1MB_14.90,1202,1202,14.90
				,41464,FRANQUIA_DADOS_1MB_15.90,FRANQUIA_DADOS_1MB_15.90,1202,1202,15.90
				,41465,FRANQUIA_DADOS_1MB_16.90,FRANQUIA_DADOS_1MB_16.90,1202,1202,16.90
				,41466,FRANQUIA_DADOS_1MB_17.90,FRANQUIA_DADOS_1MB_17.90,1202,1202,17.90
				,41467,FRANQUIA_DADOS_1MB_18.90,FRANQUIA_DADOS_1MB_18.90,1202,1202,18.90
				,41468,FRANQUIA_DADOS_1MB_22.90,FRANQUIA_DADOS_1MB_22.90,1202,1202,22.90
				,41469,FRANQUIA_DADOS_1MB_23.90,FRANQUIA_DADOS_1MB_23.90,1202,1202,23.90
				,41470,FRANQUIA_DADOS_1MB_26.90,FRANQUIA_DADOS_1MB_26.90,1202,1202,26.90
				,41471,FRANQUIA_DADOS_1MB_27.90,FRANQUIA_DADOS_1MB_27.90,1202,1202,27.90
				,41472,FRANQUIA_DADOS_1MB_31.90,FRANQUIA_DADOS_1MB_31.90,1202,1202,31.90
				,41473,FRANQUIA_DADOS_1MB_34.90,FRANQUIA_DADOS_1MB_34.90,1202,1202,34.90
				,41474,FRANQUIA_DADOS_1MB_39.90,FRANQUIA_DADOS_1MB_39.90,1202,1202,39.90
				,41475,FRANQUIA_DADOS_1MB_43.90,FRANQUIA_DADOS_1MB_43.90,1202,1202,43.90
				,41476,FRANQUIA_DADOS_1MB_46.90,FRANQUIA_DADOS_1MB_46.90,1202,1202,46.90
				,41477,FRANQUIA_DADOS_1MB_63.90,FRANQUIA_DADOS_1MB_63.90,1202,1202,63.90
				,41478,FRANQUIA_DADOS_1MB_76.90,FRANQUIA_DADOS_1MB_76.90,1202,1202,76.90
				,41479,FRANQUIA_DADOS_2MB_1.50,FRANQUIA_DADOS_2MB_1.50,1203,1203,1.50
				,41480,FRANQUIA_DADOS_2MB_8.00,FRANQUIA_DADOS_2MB_8.00,1203,1203,8.00
				,41481,FRANQUIA_DADOS_2MB_10.90,FRANQUIA_DADOS_2MB_10.90,1203,1203,10.90
				,41482,FRANQUIA_DADOS_2MB_11.90,FRANQUIA_DADOS_2MB_11.90,1203,1203,11.90
				,41483,FRANQUIA_DADOS_2MB_12.90,FRANQUIA_DADOS_2MB_12.90,1203,1203,12.90
				,41484,FRANQUIA_DADOS_2MB_13.90,FRANQUIA_DADOS_2MB_13.90,1203,1203,13.90
				,41485,FRANQUIA_DADOS_2MB_14.90,FRANQUIA_DADOS_2MB_14.90,1203,1203,14.90
				,41486,FRANQUIA_DADOS_2MB_15.90,FRANQUIA_DADOS_2MB_15.90,1203,1203,15.90
				,41487,FRANQUIA_DADOS_2MB_16.90,FRANQUIA_DADOS_2MB_16.90,1203,1203,16.90
				,41488,FRANQUIA_DADOS_2MB_17.90,FRANQUIA_DADOS_2MB_17.90,1203,1203,17.90
				,41489,FRANQUIA_DADOS_2MB_18.90,FRANQUIA_DADOS_2MB_18.90,1203,1203,18.90
				,41490,FRANQUIA_DADOS_2MB_22.90,FRANQUIA_DADOS_2MB_22.90,1203,1203,22.90
				,41491,FRANQUIA_DADOS_2MB_23.90,FRANQUIA_DADOS_2MB_23.90,1203,1203,23.90
				,41492,FRANQUIA_DADOS_2MB_26.90,FRANQUIA_DADOS_2MB_26.90,1203,1203,26.90
				,41493,FRANQUIA_DADOS_2MB_27.90,FRANQUIA_DADOS_2MB_27.90,1203,1203,27.90
				,41494,FRANQUIA_DADOS_2MB_31.90,FRANQUIA_DADOS_2MB_31.90,1203,1203,31.90
				,41495,FRANQUIA_DADOS_2MB_34.90,FRANQUIA_DADOS_2MB_34.90,1203,1203,34.90
				,41496,FRANQUIA_DADOS_2MB_39.90,FRANQUIA_DADOS_2MB_39.90,1203,1203,39.90
				,41497,FRANQUIA_DADOS_2MB_43.90,FRANQUIA_DADOS_2MB_43.90,1203,1203,43.90
				,41498,FRANQUIA_DADOS_2MB_46.90,FRANQUIA_DADOS_2MB_46.90,1203,1203,46.90
				,41499,FRANQUIA_DADOS_2MB_63.90,FRANQUIA_DADOS_2MB_63.90,1203,1203,63.90
				,41500,FRANQUIA_DADOS_2MB_76.90,FRANQUIA_DADOS_2MB_76.90,1203,1203,76.90
				,41501,FRANQUIA_DADOS_6MB_1.50,FRANQUIA_DADOS_6MB_1.50,1204,1204,1.50
				,41502,FRANQUIA_DADOS_6MB_8.00,FRANQUIA_DADOS_6MB_8.00,1204,1204,8.00
				,41503,FRANQUIA_DADOS_6MB_10.90,FRANQUIA_DADOS_6MB_10.90,1204,1204,10.90
				,41504,FRANQUIA_DADOS_6MB_11.90,FRANQUIA_DADOS_6MB_11.90,1204,1204,11.90
				,41505,FRANQUIA_DADOS_6MB_12.90,FRANQUIA_DADOS_6MB_12.90,1204,1204,12.90
				,41506,FRANQUIA_DADOS_6MB_13.90,FRANQUIA_DADOS_6MB_13.90,1204,1204,13.90
				,41507,FRANQUIA_DADOS_6MB_14.90,FRANQUIA_DADOS_6MB_14.90,1204,1204,14.90
				,41508,FRANQUIA_DADOS_6MB_15.90,FRANQUIA_DADOS_6MB_15.90,1204,1204,15.90
				,41509,FRANQUIA_DADOS_6MB_16.90,FRANQUIA_DADOS_6MB_16.90,1204,1204,16.90
				,41510,FRANQUIA_DADOS_6MB_17.90,FRANQUIA_DADOS_6MB_17.90,1204,1204,17.90
				,41511,FRANQUIA_DADOS_6MB_18.90,FRANQUIA_DADOS_6MB_18.90,1204,1204,18.90
				,41512,FRANQUIA_DADOS_6MB_22.90,FRANQUIA_DADOS_6MB_22.90,1204,1204,22.90
				,41513,FRANQUIA_DADOS_6MB_23.90,FRANQUIA_DADOS_6MB_23.90,1204,1204,23.90
				,41514,FRANQUIA_DADOS_6MB_26.90,FRANQUIA_DADOS_6MB_26.90,1204,1204,26.90
				,41515,FRANQUIA_DADOS_6MB_27.90,FRANQUIA_DADOS_6MB_27.90,1204,1204,27.90
				,41516,FRANQUIA_DADOS_6MB_31.90,FRANQUIA_DADOS_6MB_31.90,1204,1204,31.90
				,41517,FRANQUIA_DADOS_6MB_34.90,FRANQUIA_DADOS_6MB_34.90,1204,1204,34.90
				,41518,FRANQUIA_DADOS_6MB_39.90,FRANQUIA_DADOS_6MB_39.90,1204,1204,39.90
				,41519,FRANQUIA_DADOS_6MB_43.90,FRANQUIA_DADOS_6MB_43.90,1204,1204,43.90
				,41520,FRANQUIA_DADOS_6MB_46.90,FRANQUIA_DADOS_6MB_46.90,1204,1204,46.90
				,41521,FRANQUIA_DADOS_6MB_63.90,FRANQUIA_DADOS_6MB_63.90,1204,1204,63.90
				,41522,FRANQUIA_DADOS_6MB_76.90,FRANQUIA_DADOS_6MB_76.90,1204,1204,76.90
				,41523,FRANQUIA_DADOS_10MB_1.50,FRANQUIA_DADOS_10MB_1.50,1205,1205,1.50
				,41524,FRANQUIA_DADOS_10MB_2.90,FRANQUIA_DADOS_10MB_2.90,1205,1205,2.90
				,41525,FRANQUIA_DADOS_10MB_8.00,FRANQUIA_DADOS_10MB_8.00,1205,1205,8.00
				,41526,FRANQUIA_DADOS_10MB_10.90,FRANQUIA_DADOS_10MB_10.90,1205,1205,10.90
				,41527,FRANQUIA_DADOS_10MB_11.90,FRANQUIA_DADOS_10MB_11.90,1205,1205,11.90
				,41528,FRANQUIA_DADOS_10MB_12.90,FRANQUIA_DADOS_10MB_12.90,1205,1205,12.90
				,41529,FRANQUIA_DADOS_10MB_13.90,FRANQUIA_DADOS_10MB_13.90,1205,1205,13.90
				,41530,FRANQUIA_DADOS_10MB_14.90,FRANQUIA_DADOS_10MB_14.90,1205,1205,14.90
				,41531,FRANQUIA_DADOS_10MB_15.90,FRANQUIA_DADOS_10MB_15.90,1205,1205,15.90
				,41532,FRANQUIA_DADOS_10MB_16.90,FRANQUIA_DADOS_10MB_16.90,1205,1205,16.90
				,41533,FRANQUIA_DADOS_10MB_17.90,FRANQUIA_DADOS_10MB_17.90,1205,1205,17.90
				,41534,FRANQUIA_DADOS_10MB_18.90,FRANQUIA_DADOS_10MB_18.90,1205,1205,18.90
				,41535,FRANQUIA_DADOS_10MB_22.90,FRANQUIA_DADOS_10MB_22.90,1205,1205,22.90
				,41536,FRANQUIA_DADOS_10MB_23.90,FRANQUIA_DADOS_10MB_23.90,1205,1205,23.90
				,41537,FRANQUIA_DADOS_10MB_26.90,FRANQUIA_DADOS_10MB_26.90,1205,1205,26.90
				,41538,FRANQUIA_DADOS_10MB_27.90,FRANQUIA_DADOS_10MB_27.90,1205,1205,27.90
				,41539,FRANQUIA_DADOS_10MB_31.90,FRANQUIA_DADOS_10MB_31.90,1205,1205,31.90
				,41540,FRANQUIA_DADOS_10MB_34.90,FRANQUIA_DADOS_10MB_34.90,1205,1205,34.90
				,41541,FRANQUIA_DADOS_10MB_39.90,FRANQUIA_DADOS_10MB_39.90,1205,1205,39.90
				,41542,FRANQUIA_DADOS_10MB_43.90,FRANQUIA_DADOS_10MB_43.90,1205,1205,43.90
				,41543,FRANQUIA_DADOS_10MB_46.90,FRANQUIA_DADOS_10MB_46.90,1205,1205,46.90
				,41544,FRANQUIA_DADOS_10MB_63.90,FRANQUIA_DADOS_10MB_63.90,1205,1205,63.90
				,41545,FRANQUIA_DADOS_10MB_76.90,FRANQUIA_DADOS_10MB_76.90,1205,1205,76.90
				,41546,FRANQUIA_DADOS_12MB_0.00,FRANQUIA_DADOS_12MB_0.00,1217,1217,0.00
				,41547,FRANQUIA_DADOS_12MB_1.50,FRANQUIA_DADOS_12MB_1.50,1217,1217,1.50
				,41548,FRANQUIA_DADOS_12MB_1.90,FRANQUIA_DADOS_12MB_1.90,1217,1217,1.90
				,41549,FRANQUIA_DADOS_12MB_2.50,FRANQUIA_DADOS_12MB_2.50,1217,1217,2.50
				,41550,FRANQUIA_DADOS_12MB_2.90,FRANQUIA_DADOS_12MB_2.90,1217,1217,2.90
				,41551,FRANQUIA_DADOS_12MB_3.50,FRANQUIA_DADOS_12MB_3.50,1217,1217,3.50
				,41552,FRANQUIA_DADOS_12MB_3.90,FRANQUIA_DADOS_12MB_3.90,1217,1217,3.90
				,41553,FRANQUIA_DADOS_12MB_4.50,FRANQUIA_DADOS_12MB_4.50,1217,1217,4.50
				,41554,FRANQUIA_DADOS_12MB_4.90,FRANQUIA_DADOS_12MB_4.90,1217,1217,4.90
				,41555,FRANQUIA_DADOS_12MB_5.90,FRANQUIA_DADOS_12MB_5.90,1217,1217,5.90
				,41556,FRANQUIA_DADOS_12MB_6.90,FRANQUIA_DADOS_12MB_6.90,1217,1217,6.90
				,41557,FRANQUIA_DADOS_12MB_7.90,FRANQUIA_DADOS_12MB_7.90,1217,1217,7.90
				,41558,FRANQUIA_DADOS_12MB_8.00,FRANQUIA_DADOS_12MB_8.00,1217,1217,8.00
				,41559,FRANQUIA_DADOS_12MB_8.90,FRANQUIA_DADOS_12MB_8.90,1217,1217,8.90
				,41560,FRANQUIA_DADOS_12MB_9.90,FRANQUIA_DADOS_12MB_9.90,1217,1217,9.90
				,41561,FRANQUIA_DADOS_12MB_10.90,FRANQUIA_DADOS_12MB_10.90,1217,1217,10.90
				,41562,FRANQUIA_DADOS_12MB_11.90,FRANQUIA_DADOS_12MB_11.90,1217,1217,11.90
				,41563,FRANQUIA_DADOS_12MB_12.90,FRANQUIA_DADOS_12MB_12.90,1217,1217,12.90
				,41564,FRANQUIA_DADOS_12MB_13.90,FRANQUIA_DADOS_12MB_13.90,1217,1217,13.90
				,41565,FRANQUIA_DADOS_12MB_14.90,FRANQUIA_DADOS_12MB_14.90,1217,1217,14.90
				,41566,FRANQUIA_DADOS_12MB_15.90,FRANQUIA_DADOS_12MB_15.90,1217,1217,15.90
				,41567,FRANQUIA_DADOS_12MB_16.90,FRANQUIA_DADOS_12MB_16.90,1217,1217,16.90
				,41568,FRANQUIA_DADOS_12MB_17.90,FRANQUIA_DADOS_12MB_17.90,1217,1217,17.90
				,41569,FRANQUIA_DADOS_12MB_18.90,FRANQUIA_DADOS_12MB_18.90,1217,1217,18.90
				,41570,FRANQUIA_DADOS_12MB_22.90,FRANQUIA_DADOS_12MB_22.90,1217,1217,22.90
				,41571,FRANQUIA_DADOS_12MB_23.90,FRANQUIA_DADOS_12MB_23.90,1217,1217,23.90
				,41572,FRANQUIA_DADOS_12MB_26.90,FRANQUIA_DADOS_12MB_26.90,1217,1217,26.90
				,41573,FRANQUIA_DADOS_12MB_27.90,FRANQUIA_DADOS_12MB_27.90,1217,1217,27.90
				,41574,FRANQUIA_DADOS_12MB_31.90,FRANQUIA_DADOS_12MB_31.90,1217,1217,31.90
				,41575,FRANQUIA_DADOS_12MB_34.90,FRANQUIA_DADOS_12MB_34.90,1217,1217,34.90
				,41576,FRANQUIA_DADOS_12MB_39.90,FRANQUIA_DADOS_12MB_39.90,1217,1217,39.90
				,41577,FRANQUIA_DADOS_12MB_43.90,FRANQUIA_DADOS_12MB_43.90,1217,1217,43.90
				,41578,FRANQUIA_DADOS_12MB_46.90,FRANQUIA_DADOS_12MB_46.90,1217,1217,46.90
				,41579,FRANQUIA_DADOS_12MB_63.90,FRANQUIA_DADOS_12MB_63.90,1217,1217,63.90
				,41580,FRANQUIA_DADOS_12MB_76.90,FRANQUIA_DADOS_12MB_76.90,1217,1217,76.90
				,41581,FRANQUIA_DADOS_20MB_1.50,FRANQUIA_DADOS_20MB_1.50,1210,1210,1.50
				,41582,FRANQUIA_DADOS_20MB_8.00,FRANQUIA_DADOS_20MB_8.00,1210,1210,8.00
				,41583,FRANQUIA_DADOS_20MB_10.90,FRANQUIA_DADOS_20MB_10.90,1210,1210,10.90
				,41584,FRANQUIA_DADOS_20MB_11.90,FRANQUIA_DADOS_20MB_11.90,1210,1210,11.90
				,41585,FRANQUIA_DADOS_20MB_12.90,FRANQUIA_DADOS_20MB_12.90,1210,1210,12.90
				,41586,FRANQUIA_DADOS_20MB_13.90,FRANQUIA_DADOS_20MB_13.90,1210,1210,13.90
				,41587,FRANQUIA_DADOS_20MB_14.90,FRANQUIA_DADOS_20MB_14.90,1210,1210,14.90
				,41588,FRANQUIA_DADOS_20MB_15.90,FRANQUIA_DADOS_20MB_15.90,1210,1210,15.90
				,41589,FRANQUIA_DADOS_20MB_16.90,FRANQUIA_DADOS_20MB_16.90,1210,1210,16.90
				,41590,FRANQUIA_DADOS_20MB_17.90,FRANQUIA_DADOS_20MB_17.90,1210,1210,17.90
				,41591,FRANQUIA_DADOS_20MB_18.90,FRANQUIA_DADOS_20MB_18.90,1210,1210,18.90
				,41592,FRANQUIA_DADOS_20MB_22.90,FRANQUIA_DADOS_20MB_22.90,1210,1210,22.90
				,41593,FRANQUIA_DADOS_20MB_23.90,FRANQUIA_DADOS_20MB_23.90,1210,1210,23.90
				,41594,FRANQUIA_DADOS_20MB_26.90,FRANQUIA_DADOS_20MB_26.90,1210,1210,26.90
				,41595,FRANQUIA_DADOS_20MB_27.90,FRANQUIA_DADOS_20MB_27.90,1210,1210,27.90
				,41596,FRANQUIA_DADOS_20MB_31.90,FRANQUIA_DADOS_20MB_31.90,1210,1210,31.90
				,41597,FRANQUIA_DADOS_20MB_34.90,FRANQUIA_DADOS_20MB_34.90,1210,1210,34.90
				,41598,FRANQUIA_DADOS_20MB_39.90,FRANQUIA_DADOS_20MB_39.90,1210,1210,39.90
				,41599,FRANQUIA_DADOS_20MB_43.90,FRANQUIA_DADOS_20MB_43.90,1210,1210,43.90
				,41600,FRANQUIA_DADOS_20MB_46.90,FRANQUIA_DADOS_20MB_46.90,1210,1210,46.90
				,41601,FRANQUIA_DADOS_20MB_63.90,FRANQUIA_DADOS_20MB_63.90,1210,1210,63.90
				,41602,FRANQUIA_DADOS_20MB_76.90,FRANQUIA_DADOS_20MB_76.90,1210,1210,76.90
				,41603,FRANQUIA_DADOS_22MB_0.00,FRANQUIA_DADOS_22MB_0.00,1218,1218,0.00
				,41604,FRANQUIA_DADOS_22MB_1.50,FRANQUIA_DADOS_22MB_1.50,1218,1218,1.50
				,41605,FRANQUIA_DADOS_22MB_1.90,FRANQUIA_DADOS_22MB_1.90,1218,1218,1.90
				,41606,FRANQUIA_DADOS_22MB_2.50,FRANQUIA_DADOS_22MB_2.50,1218,1218,2.50
				,41607,FRANQUIA_DADOS_22MB_2.90,FRANQUIA_DADOS_22MB_2.90,1218,1218,2.90
				,41608,FRANQUIA_DADOS_22MB_3.50,FRANQUIA_DADOS_22MB_3.50,1218,1218,3.50
				,41609,FRANQUIA_DADOS_22MB_3.90,FRANQUIA_DADOS_22MB_3.90,1218,1218,3.90
				,41610,FRANQUIA_DADOS_22MB_4.50,FRANQUIA_DADOS_22MB_4.50,1218,1218,4.50
				,41611,FRANQUIA_DADOS_22MB_4.90,FRANQUIA_DADOS_22MB_4.90,1218,1218,4.90
				,41612,FRANQUIA_DADOS_22MB_5.90,FRANQUIA_DADOS_22MB_5.90,1218,1218,5.90
				,41613,FRANQUIA_DADOS_22MB_6.90,FRANQUIA_DADOS_22MB_6.90,1218,1218,6.90
				,41614,FRANQUIA_DADOS_22MB_7.90,FRANQUIA_DADOS_22MB_7.90,1218,1218,7.90
				,41615,FRANQUIA_DADOS_22MB_8.00,FRANQUIA_DADOS_22MB_8.00,1218,1218,8.00
				,41616,FRANQUIA_DADOS_22MB_8.90,FRANQUIA_DADOS_22MB_8.90,1218,1218,8.90
				,41617,FRANQUIA_DADOS_22MB_9.90,FRANQUIA_DADOS_22MB_9.90,1218,1218,9.90
				,41618,FRANQUIA_DADOS_22MB_10.90,FRANQUIA_DADOS_22MB_10.90,1218,1218,10.90
				,41619,FRANQUIA_DADOS_22MB_11.90,FRANQUIA_DADOS_22MB_11.90,1218,1218,11.90
				,41620,FRANQUIA_DADOS_22MB_12.90,FRANQUIA_DADOS_22MB_12.90,1218,1218,12.90
				,41621,FRANQUIA_DADOS_22MB_13.90,FRANQUIA_DADOS_22MB_13.90,1218,1218,13.90
				,41622,FRANQUIA_DADOS_22MB_14.90,FRANQUIA_DADOS_22MB_14.90,1218,1218,14.90
				,41623,FRANQUIA_DADOS_25MB_16.90,FRANQUIA_DADOS_25MB_16.90,1215,1215,16.90
				,41624,FRANQUIA_DADOS_25MB_46.90,FRANQUIA_DADOS_25MB_46.90,1215,1215,46.90
				,41625,FRANQUIA_DADOS_25MB_10.90,FRANQUIA_DADOS_25MB_10.90,1215,1215,10.90
				,41626,FRANQUIA_DADOS_25MB_11.90,FRANQUIA_DADOS_25MB_11.90,1215,1215,11.90
				,41627,FRANQUIA_DADOS_25MB_12.90,FRANQUIA_DADOS_25MB_12.90,1215,1215,12.90
				,41628,FRANQUIA_DADOS_25MB_13.90,FRANQUIA_DADOS_25MB_13.90,1215,1215,13.90
				,41629,FRANQUIA_DADOS_25MB_14.90,FRANQUIA_DADOS_25MB_14.90,1215,1215,14.90
				,41630,FRANQUIA_DADOS_25MB_15.90,FRANQUIA_DADOS_25MB_15.90,1215,1215,15.90
				,41631,FRANQUIA_DADOS_25MB_16.90,FRANQUIA_DADOS_25MB_16.90,1215,1215,16.90
				,41632,FRANQUIA_DADOS_25MB_17.90,FRANQUIA_DADOS_25MB_17.90,1215,1215,17.90
				,41633,FRANQUIA_DADOS_25MB_18.90,FRANQUIA_DADOS_25MB_18.90,1215,1215,18.90
				,41634,FRANQUIA_DADOS_25MB_22.90,FRANQUIA_DADOS_25MB_22.90,1215,1215,22.90
				,41635,FRANQUIA_DADOS_25MB_23.90,FRANQUIA_DADOS_25MB_23.90,1215,1215,23.90
				,41636,FRANQUIA_DADOS_25MB_26.90,FRANQUIA_DADOS_25MB_26.90,1215,1215,26.90
				,41637,FRANQUIA_DADOS_25MB_27.90,FRANQUIA_DADOS_25MB_27.90,1215,1215,27.90
				,41638,FRANQUIA_DADOS_25MB_31.90,FRANQUIA_DADOS_25MB_31.90,1215,1215,31.90
				,41639,FRANQUIA_DADOS_25MB_34.90,FRANQUIA_DADOS_25MB_34.90,1215,1215,34.90
				,41640,FRANQUIA_DADOS_25MB_39.90,FRANQUIA_DADOS_25MB_39.90,1215,1215,39.90
				,41641,FRANQUIA_DADOS_25MB_43.90,FRANQUIA_DADOS_25MB_43.90,1215,1215,43.90
				,41642,FRANQUIA_DADOS_25MB_46.90,FRANQUIA_DADOS_25MB_46.90,1215,1215,46.90
				,41643,FRANQUIA_DADOS_25MB_63.90,FRANQUIA_DADOS_25MB_63.90,1215,1215,63.90
				,41644,FRANQUIA_DADOS_25MB_76.90,FRANQUIA_DADOS_25MB_76.90,1215,1215,76.90
				,41645,FRANQUIA_DADOS_31MB_0.00,FRANQUIA_DADOS_31MB_0.00,1219,1219,0.00
				,41646,FRANQUIA_DADOS_31MB_1.50,FRANQUIA_DADOS_31MB_1.50,1219,1219,1.50
				,41647,FRANQUIA_DADOS_31MB_1.90,FRANQUIA_DADOS_31MB_1.90,1219,1219,1.90
				,41648,FRANQUIA_DADOS_31MB_2.50,FRANQUIA_DADOS_31MB_2.50,1219,1219,2.50
				,41649,FRANQUIA_DADOS_31MB_2.90,FRANQUIA_DADOS_31MB_2.90,1219,1219,2.90
				,41650,FRANQUIA_DADOS_31MB_3.50,FRANQUIA_DADOS_31MB_3.50,1219,1219,3.50
				,41651,FRANQUIA_DADOS_31MB_3.90,FRANQUIA_DADOS_31MB_3.90,1219,1219,3.90
				,41652,FRANQUIA_DADOS_31MB_4.50,FRANQUIA_DADOS_31MB_4.50,1219,1219,4.50
				,41653,FRANQUIA_DADOS_31MB_4.90,FRANQUIA_DADOS_31MB_4.90,1219,1219,4.90
				,41654,FRANQUIA_DADOS_31MB_5.90,FRANQUIA_DADOS_31MB_5.90,1219,1219,5.90
				,41655,FRANQUIA_DADOS_31MB_6.90,FRANQUIA_DADOS_31MB_6.90,1219,1219,6.90
				,41656,FRANQUIA_DADOS_31MB_7.90,FRANQUIA_DADOS_31MB_7.90,1219,1219,7.90
				,41657,FRANQUIA_DADOS_31MB_8.00,FRANQUIA_DADOS_31MB_8.00,1219,1219,8.00
				,41658,FRANQUIA_DADOS_31MB_8.90,FRANQUIA_DADOS_31MB_8.90,1219,1219,8.90
				,41659,FRANQUIA_DADOS_31MB_9.90,FRANQUIA_DADOS_31MB_9.90,1219,1219,9.90
				,41660,FRANQUIA_DADOS_31MB_10.90,FRANQUIA_DADOS_31MB_10.90,1219,1219,10.90
				,41661,FRANQUIA_DADOS_31MB_11.90,FRANQUIA_DADOS_31MB_11.90,1219,1219,11.90
				,41662,FRANQUIA_DADOS_31MB_12.90,FRANQUIA_DADOS_31MB_12.90,1219,1219,12.90
				,41663,FRANQUIA_DADOS_31MB_13.90,FRANQUIA_DADOS_31MB_13.90,1219,1219,13.90
				,41664,FRANQUIA_DADOS_31MB_14.90,FRANQUIA_DADOS_31MB_14.90,1219,1219,14.90
				,41665,FRANQUIA_DADOS_31MB_15.90,FRANQUIA_DADOS_31MB_15.90,1219,1219,15.90
				,41666,FRANQUIA_DADOS_31MB_16.90,FRANQUIA_DADOS_31MB_16.90,1219,1219,16.90
				,41667,FRANQUIA_DADOS_31MB_17.90,FRANQUIA_DADOS_31MB_17.90,1219,1219,17.90
				,41668,FRANQUIA_DADOS_31MB_18.90,FRANQUIA_DADOS_31MB_18.90,1219,1219,18.90
				,41669,FRANQUIA_DADOS_31MB_22.90,FRANQUIA_DADOS_31MB_22.90,1219,1219,22.90
				,41670,FRANQUIA_DADOS_31MB_23.90,FRANQUIA_DADOS_31MB_23.90,1219,1219,23.90
				,41671,FRANQUIA_DADOS_31MB_26.90,FRANQUIA_DADOS_31MB_26.90,1219,1219,26.90
				,41672,FRANQUIA_DADOS_31MB_27.90,FRANQUIA_DADOS_31MB_27.90,1219,1219,27.90
				,41673,FRANQUIA_DADOS_31MB_31.90,FRANQUIA_DADOS_31MB_31.90,1219,1219,31.90
				,41674,FRANQUIA_DADOS_31MB_34.90,FRANQUIA_DADOS_31MB_34.90,1219,1219,34.90
				,41675,FRANQUIA_DADOS_31MB_39.90,FRANQUIA_DADOS_31MB_39.90,1219,1219,39.90
				,41676,FRANQUIA_DADOS_31MB_43.90,FRANQUIA_DADOS_31MB_43.90,1219,1219,43.90
				,41677,FRANQUIA_DADOS_31MB_46.90,FRANQUIA_DADOS_31MB_46.90,1219,1219,46.90
				,41678,FRANQUIA_DADOS_31MB_63.90,FRANQUIA_DADOS_31MB_63.90,1219,1219,63.90
				,41679,FRANQUIA_DADOS_31MB_76.90,FRANQUIA_DADOS_31MB_76.90,1219,1219,76.90
				,41680,FRANQUIA_DADOS_50MB_1.50,FRANQUIA_DADOS_50MB_1.50,1206,1206,1.50
				,41681,FRANQUIA_DADOS_50MB_8.00,FRANQUIA_DADOS_50MB_8.00,1206,1206,8.00
				,41682,FRANQUIA_DADOS_50MB_10.90,FRANQUIA_DADOS_50MB_10.90,1206,1206,10.90
				,41683,FRANQUIA_DADOS_50MB_11.90,FRANQUIA_DADOS_50MB_11.90,1206,1206,11.90
				,41684,FRANQUIA_DADOS_50MB_12.90,FRANQUIA_DADOS_50MB_12.90,1206,1206,12.90
				,41685,FRANQUIA_DADOS_50MB_13.90,FRANQUIA_DADOS_50MB_13.90,1206,1206,13.90
				,41686,FRANQUIA_DADOS_50MB_14.90,FRANQUIA_DADOS_50MB_14.90,1206,1206,14.90
				,41687,FRANQUIA_DADOS_50MB_15.90,FRANQUIA_DADOS_50MB_15.90,1206,1206,15.90
				,41688,FRANQUIA_DADOS_50MB_16.90,FRANQUIA_DADOS_50MB_16.90,1206,1206,16.90
				,41689,FRANQUIA_DADOS_50MB_17.90,FRANQUIA_DADOS_50MB_17.90,1206,1206,17.90
				,41690,FRANQUIA_DADOS_50MB_18.90,FRANQUIA_DADOS_50MB_18.90,1206,1206,18.90
				,41691,FRANQUIA_DADOS_50MB_22.90,FRANQUIA_DADOS_50MB_22.90,1206,1206,22.90
				,41692,FRANQUIA_DADOS_50MB_23.90,FRANQUIA_DADOS_50MB_23.90,1206,1206,23.90
				,41693,FRANQUIA_DADOS_50MB_26.90,FRANQUIA_DADOS_50MB_26.90,1206,1206,26.90
				,41694,FRANQUIA_DADOS_50MB_27.90,FRANQUIA_DADOS_50MB_27.90,1206,1206,27.90
				,41695,FRANQUIA_DADOS_50MB_31.90,FRANQUIA_DADOS_50MB_31.90,1206,1206,31.90
				,41696,FRANQUIA_DADOS_50MB_34.90,FRANQUIA_DADOS_50MB_34.90,1206,1206,34.90
				,41697,FRANQUIA_DADOS_50MB_39.90,FRANQUIA_DADOS_50MB_39.90,1206,1206,39.90
				,41698,FRANQUIA_DADOS_50MB_43.90,FRANQUIA_DADOS_50MB_43.90,1206,1206,43.90
				,41699,FRANQUIA_DADOS_50MB_46.90,FRANQUIA_DADOS_50MB_46.90,1206,1206,46.90
				,41700,FRANQUIA_DADOS_50MB_63.90,FRANQUIA_DADOS_50MB_63.90,1206,1206,63.90
				,41701,FRANQUIA_DADOS_50MB_76.90,FRANQUIA_DADOS_50MB_76.90,1206,1206,76.90
				,41702,FRANQUIA_DADOS_72MB_0.00,FRANQUIA_DADOS_72MB_0.00,1220,1220,0.00
				,41703,FRANQUIA_DADOS_72MB_1.50,FRANQUIA_DADOS_72MB_1.50,1220,1220,1.50
				,41704,FRANQUIA_DADOS_72MB_1.90,FRANQUIA_DADOS_72MB_1.90,1220,1220,1.90
				,41705,FRANQUIA_DADOS_72MB_2.50,FRANQUIA_DADOS_72MB_2.50,1220,1220,2.50
				,41706,FRANQUIA_DADOS_72MB_2.90,FRANQUIA_DADOS_72MB_2.90,1220,1220,2.90
				,41707,FRANQUIA_DADOS_72MB_3.50,FRANQUIA_DADOS_72MB_3.50,1220,1220,3.50
				,41708,FRANQUIA_DADOS_72MB_3.90,FRANQUIA_DADOS_72MB_3.90,1220,1220,3.90
				,41709,FRANQUIA_DADOS_72MB_4.50,FRANQUIA_DADOS_72MB_4.50,1220,1220,4.50
				,41710,FRANQUIA_DADOS_72MB_4.90,FRANQUIA_DADOS_72MB_4.90,1220,1220,4.90
				,41711,FRANQUIA_DADOS_72MB_5.90,FRANQUIA_DADOS_72MB_5.90,1220,1220,5.90
				,41712,FRANQUIA_DADOS_72MB_6.90,FRANQUIA_DADOS_72MB_6.90,1220,1220,6.90
				,41713,FRANQUIA_DADOS_72MB_7.90,FRANQUIA_DADOS_72MB_7.90,1220,1220,7.90
				,41714,FRANQUIA_DADOS_72MB_8.00,FRANQUIA_DADOS_72MB_8.00,1220,1220,8.00
				,41715,FRANQUIA_DADOS_72MB_8.90,FRANQUIA_DADOS_72MB_8.90,1220,1220,8.90
				,41716,FRANQUIA_DADOS_72MB_9.90,FRANQUIA_DADOS_72MB_9.90,1220,1220,9.90
				,41717,FRANQUIA_DADOS_72MB_10.90,FRANQUIA_DADOS_72MB_10.90,1220,1220,10.90
				,41718,FRANQUIA_DADOS_72MB_11.90,FRANQUIA_DADOS_72MB_11.90,1220,1220,11.90
				,41719,FRANQUIA_DADOS_72MB_12.90,FRANQUIA_DADOS_72MB_12.90,1220,1220,12.90
				,41720,FRANQUIA_DADOS_72MB_13.90,FRANQUIA_DADOS_72MB_13.90,1220,1220,13.90
				,41721,FRANQUIA_DADOS_72MB_14.90,FRANQUIA_DADOS_72MB_14.90,1220,1220,14.90
				,41722,FRANQUIA_DADOS_72MB_15.90,FRANQUIA_DADOS_72MB_15.90,1220,1220,15.90
				,41723,FRANQUIA_DADOS_72MB_16.90,FRANQUIA_DADOS_72MB_16.90,1220,1220,16.90
				,41724,FRANQUIA_DADOS_72MB_17.90,FRANQUIA_DADOS_72MB_17.90,1220,1220,17.90
				,41725,FRANQUIA_DADOS_72MB_18.90,FRANQUIA_DADOS_72MB_18.90,1220,1220,18.90
				,41726,FRANQUIA_DADOS_72MB_22.90,FRANQUIA_DADOS_72MB_22.90,1220,1220,22.90
				,41727,FRANQUIA_DADOS_72MB_23.90,FRANQUIA_DADOS_72MB_23.90,1220,1220,23.90
				,41728,FRANQUIA_DADOS_72MB_26.90,FRANQUIA_DADOS_72MB_26.90,1220,1220,26.90
				,41729,FRANQUIA_DADOS_72MB_27.90,FRANQUIA_DADOS_72MB_27.90,1220,1220,27.90
				,41730,FRANQUIA_DADOS_72MB_31.90,FRANQUIA_DADOS_72MB_31.90,1220,1220,31.90
				,41731,FRANQUIA_DADOS_72MB_34.90,FRANQUIA_DADOS_72MB_34.90,1220,1220,34.90
				,41732,FRANQUIA_DADOS_72MB_39.90,FRANQUIA_DADOS_72MB_39.90,1220,1220,39.90
				,41733,FRANQUIA_DADOS_72MB_43.90,FRANQUIA_DADOS_72MB_43.90,1220,1220,43.90
				,41734,FRANQUIA_DADOS_72MB_46.90,FRANQUIA_DADOS_72MB_46.90,1220,1220,46.90
				,41735,FRANQUIA_DADOS_72MB_63.90,FRANQUIA_DADOS_72MB_63.90,1220,1220,63.90
				,41736,FRANQUIA_DADOS_72MB_76.90,FRANQUIA_DADOS_72MB_76.90,1220,1220,76.90
				,41737,FRANQUIA_DADOS_100MB_1.50,FRANQUIA_DADOS_100MB_1.50,1207,1207,1.50
				,41738,FRANQUIA_DADOS_100MB_8.00,FRANQUIA_DADOS_100MB_8.00,1207,1207,8.00
				,41739,FRANQUIA_DADOS_100MB_10.90,FRANQUIA_DADOS_100MB_10.90,1207,1207,10.90
				,41740,FRANQUIA_DADOS_100MB_11.90,FRANQUIA_DADOS_100MB_11.90,1207,1207,11.90
				,41741,FRANQUIA_DADOS_100MB_12.90,FRANQUIA_DADOS_100MB_12.90,1207,1207,12.90
				,41742,FRANQUIA_DADOS_100MB_13.90,FRANQUIA_DADOS_100MB_13.90,1207,1207,13.90
				,41743,FRANQUIA_DADOS_100MB_14.90,FRANQUIA_DADOS_100MB_14.90,1207,1207,14.90
				,41744,FRANQUIA_DADOS_100MB_15.90,FRANQUIA_DADOS_100MB_15.90,1207,1207,15.90
				,41745,FRANQUIA_DADOS_100MB_16.90,FRANQUIA_DADOS_100MB_16.90,1207,1207,16.90
				,41746,FRANQUIA_DADOS_100MB_17.90,FRANQUIA_DADOS_100MB_17.90,1207,1207,17.90
				,41747,FRANQUIA_DADOS_100MB_18.90,FRANQUIA_DADOS_100MB_18.90,1207,1207,18.90
				,41748,FRANQUIA_DADOS_100MB_22.90,FRANQUIA_DADOS_100MB_22.90,1207,1207,22.90
				,41749,FRANQUIA_DADOS_100MB_23.90,FRANQUIA_DADOS_100MB_23.90,1207,1207,23.90
				,41750,FRANQUIA_DADOS_100MB_26.90,FRANQUIA_DADOS_100MB_26.90,1207,1207,26.90
				,41751,FRANQUIA_DADOS_100MB_27.90,FRANQUIA_DADOS_100MB_27.90,1207,1207,27.90
				,41752,FRANQUIA_DADOS_100MB_31.90,FRANQUIA_DADOS_100MB_31.90,1207,1207,31.90
				,41753,FRANQUIA_DADOS_100MB_34.90,FRANQUIA_DADOS_100MB_34.90,1207,1207,34.90
				,41754,FRANQUIA_DADOS_100MB_39.90,FRANQUIA_DADOS_100MB_39.90,1207,1207,39.90
				,41755,FRANQUIA_DADOS_100MB_43.90,FRANQUIA_DADOS_100MB_43.90,1207,1207,43.90
				,41756,FRANQUIA_DADOS_100MB_46.90,FRANQUIA_DADOS_100MB_46.90,1207,1207,46.90
				,41757,FRANQUIA_DADOS_100MB_63.90,FRANQUIA_DADOS_100MB_63.90,1207,1207,63.90
				,41758,FRANQUIA_DADOS_100MB_76.90,FRANQUIA_DADOS_100MB_76.90,1207,1207,76.90
				,41759,FRANQUIA_DADOS_250MB_0.00,FRANQUIA_DADOS_250MB_0.00,1221,1221,0.00
				,41760,FRANQUIA_DADOS_250MB_1.50,FRANQUIA_DADOS_250MB_1.50,1221,1221,1.50
				,41761,FRANQUIA_DADOS_250MB_1.90,FRANQUIA_DADOS_250MB_1.90,1221,1221,1.90
				,41762,FRANQUIA_DADOS_250MB_2.50,FRANQUIA_DADOS_250MB_2.50,1221,1221,2.50
				,41763,FRANQUIA_DADOS_250MB_2.90,FRANQUIA_DADOS_250MB_2.90,1221,1221,2.90
				,41764,FRANQUIA_DADOS_250MB_3.50,FRANQUIA_DADOS_250MB_3.50,1221,1221,3.50
				,41765,FRANQUIA_DADOS_250MB_3.90,FRANQUIA_DADOS_250MB_3.90,1221,1221,3.90
				,41766,FRANQUIA_DADOS_250MB_4.50,FRANQUIA_DADOS_250MB_4.50,1221,1221,4.50
				,41767,FRANQUIA_DADOS_250MB_4.90,FRANQUIA_DADOS_250MB_4.90,1221,1221,4.90
				,41768,FRANQUIA_DADOS_250MB_5.90,FRANQUIA_DADOS_250MB_5.90,1221,1221,5.90
				,41769,FRANQUIA_DADOS_250MB_6.90,FRANQUIA_DADOS_250MB_6.90,1221,1221,6.90
				,41770,FRANQUIA_DADOS_250MB_7.90,FRANQUIA_DADOS_250MB_7.90,1221,1221,7.90
				,41771,FRANQUIA_DADOS_250MB_8.00,FRANQUIA_DADOS_250MB_8.00,1221,1221,8.00
				,41772,FRANQUIA_DADOS_250MB_8.90,FRANQUIA_DADOS_250MB_8.90,1221,1221,8.90
				,41773,FRANQUIA_DADOS_250MB_9.90,FRANQUIA_DADOS_250MB_9.90,1221,1221,9.90
				,41774,FRANQUIA_DADOS_250MB_10.90,FRANQUIA_DADOS_250MB_10.90,1221,1221,10.90
				,41775,FRANQUIA_DADOS_250MB_11.90,FRANQUIA_DADOS_250MB_11.90,1221,1221,11.90
				,41776,FRANQUIA_DADOS_250MB_12.90,FRANQUIA_DADOS_250MB_12.90,1221,1221,12.90
				,41777,FRANQUIA_DADOS_250MB_13.90,FRANQUIA_DADOS_250MB_13.90,1221,1221,13.90
				,41778,FRANQUIA_DADOS_250MB_14.90,FRANQUIA_DADOS_250MB_14.90,1221,1221,14.90
				,41779,FRANQUIA_DADOS_250MB_15.90,FRANQUIA_DADOS_250MB_15.90,1221,1221,15.90
				,41780,FRANQUIA_DADOS_250MB_16.90,FRANQUIA_DADOS_250MB_16.90,1221,1221,16.90
				,41781,FRANQUIA_DADOS_250MB_17.90,FRANQUIA_DADOS_250MB_17.90,1221,1221,17.90
				,41782,FRANQUIA_DADOS_250MB_18.90,FRANQUIA_DADOS_250MB_18.90,1221,1221,18.90
				,41783,FRANQUIA_DADOS_250MB_22.90,FRANQUIA_DADOS_250MB_22.90,1221,1221,22.90
				,41784,FRANQUIA_DADOS_250MB_23.90,FRANQUIA_DADOS_250MB_23.90,1221,1221,23.90
				,41785,FRANQUIA_DADOS_250MB_26.90,FRANQUIA_DADOS_250MB_26.90,1221,1221,26.90
				,41786,FRANQUIA_DADOS_250MB_27.90,FRANQUIA_DADOS_250MB_27.90,1221,1221,27.90
				,41787,FRANQUIA_DADOS_250MB_31.90,FRANQUIA_DADOS_250MB_31.90,1221,1221,31.90
				,41788,FRANQUIA_DADOS_250MB_34.90,FRANQUIA_DADOS_250MB_34.90,1221,1221,34.90
				,41789,FRANQUIA_DADOS_250MB_39.90,FRANQUIA_DADOS_250MB_39.90,1221,1221,39.90
				,41790,FRANQUIA_DADOS_250MB_43.90,FRANQUIA_DADOS_250MB_43.90,1221,1221,43.90
				,41791,FRANQUIA_DADOS_250MB_46.90,FRANQUIA_DADOS_250MB_46.90,1221,1221,46.90
				,41792,FRANQUIA_DADOS_250MB_63.90,FRANQUIA_DADOS_250MB_63.90,1221,1221,63.90
				,41793,FRANQUIA_DADOS_250MB_76.90,FRANQUIA_DADOS_250MB_76.90,1221,1221,76.90
				,41794,FRANQUIA_DADOS_300MB_1.50,FRANQUIA_DADOS_300MB_1.50,1208,1208,1.50
				,41795,FRANQUIA_DADOS_300MB_8.00,FRANQUIA_DADOS_300MB_8.00,1208,1208,8.00
				,41796,FRANQUIA_DADOS_300MB_12.90,FRANQUIA_DADOS_300MB_12.90,1208,1208,12.90
				,41797,FRANQUIA_DADOS_300MB_13.90,FRANQUIA_DADOS_300MB_13.90,1208,1208,13.90
				,41798,FRANQUIA_DADOS_300MB_14.90,FRANQUIA_DADOS_300MB_14.90,1208,1208,14.90
				,41799,FRANQUIA_DADOS_300MB_15.90,FRANQUIA_DADOS_300MB_15.90,1208,1208,15.90
				,41800,FRANQUIA_DADOS_300MB_16.90,FRANQUIA_DADOS_300MB_16.90,1208,1208,16.90
				,41801,FRANQUIA_DADOS_300MB_17.90,FRANQUIA_DADOS_300MB_17.90,1208,1208,17.90
				,41802,FRANQUIA_DADOS_300MB_18.90,FRANQUIA_DADOS_300MB_18.90,1208,1208,18.90
				,41803,FRANQUIA_DADOS_300MB_22.90,FRANQUIA_DADOS_300MB_22.90,1208,1208,22.90
				,41804,FRANQUIA_DADOS_300MB_23.90,FRANQUIA_DADOS_300MB_23.90,1208,1208,23.90
				,41805,FRANQUIA_DADOS_300MB_26.90,FRANQUIA_DADOS_300MB_26.90,1208,1208,26.90
				,41806,FRANQUIA_DADOS_300MB_27.90,FRANQUIA_DADOS_300MB_27.90,1208,1208,27.90
				,41807,FRANQUIA_DADOS_300MB_31.90,FRANQUIA_DADOS_300MB_31.90,1208,1208,31.90
				,41808,FRANQUIA_DADOS_300MB_34.90,FRANQUIA_DADOS_300MB_34.90,1208,1208,34.90
				,41809,FRANQUIA_DADOS_300MB_39.90,FRANQUIA_DADOS_300MB_39.90,1208,1208,39.90
				,41810,FRANQUIA_DADOS_300MB_43.90,FRANQUIA_DADOS_300MB_43.90,1208,1208,43.90
				,41811,FRANQUIA_DADOS_300MB_46.90,FRANQUIA_DADOS_300MB_46.90,1208,1208,46.90
				,41812,FRANQUIA_DADOS_300MB_63.90,FRANQUIA_DADOS_300MB_63.90,1208,1208,63.90
				,41813,FRANQUIA_DADOS_300MB_76.90,FRANQUIA_DADOS_300MB_76.90,1208,1208,76.90
				,41814,FRANQUIA_DADOS_500MB_1.50,FRANQUIA_DADOS_500MB_1.50,1216,1216,1.50
				,41815,FRANQUIA_DADOS_500MB_8.00,FRANQUIA_DADOS_500MB_8.00,1216,1216,8.00
				,41816,FRANQUIA_DADOS_500MB_10.90,FRANQUIA_DADOS_500MB_10.90,1216,1216,10.90
				,41817,FRANQUIA_DADOS_500MB_11.90,FRANQUIA_DADOS_500MB_11.90,1216,1216,11.90
				,41818,FRANQUIA_DADOS_500MB_12.90,FRANQUIA_DADOS_500MB_12.90,1216,1216,12.90
				,41819,FRANQUIA_DADOS_500MB_13.90,FRANQUIA_DADOS_500MB_13.90,1216,1216,13.90
				,41820,FRANQUIA_DADOS_500MB_14.90,FRANQUIA_DADOS_500MB_14.90,1216,1216,14.90
				,41821,FRANQUIA_DADOS_500MB_15.90,FRANQUIA_DADOS_500MB_15.90,1216,1216,15.90
				,41822,FRANQUIA_DADOS_500MB_16.90,FRANQUIA_DADOS_500MB_16.90,1216,1216,16.90
				,41823,FRANQUIA_DADOS_500MB_17.90,FRANQUIA_DADOS_500MB_17.90,1216,1216,17.90
				,41824,FRANQUIA_DADOS_500MB_18.90,FRANQUIA_DADOS_500MB_18.90,1216,1216,18.90
				,41825,FRANQUIA_DADOS_500MB_22.90,FRANQUIA_DADOS_500MB_22.90,1216,1216,22.90
				,41826,FRANQUIA_DADOS_500MB_23.90,FRANQUIA_DADOS_500MB_23.90,1216,1216,23.90
				,41827,FRANQUIA_DADOS_500MB_26.90,FRANQUIA_DADOS_500MB_26.90,1216,1216,26.90
				,41828,FRANQUIA_DADOS_500MB_27.90,FRANQUIA_DADOS_500MB_27.90,1216,1216,27.90
				,41829,FRANQUIA_DADOS_500MB_31.90,FRANQUIA_DADOS_500MB_31.90,1216,1216,31.90
				,41830,FRANQUIA_DADOS_500MB_34.90,FRANQUIA_DADOS_500MB_34.90,1216,1216,34.90
				,41831,FRANQUIA_DADOS_500MB_39.90,FRANQUIA_DADOS_500MB_39.90,1216,1216,39.90
				,41832,FRANQUIA_DADOS_500MB_43.90,FRANQUIA_DADOS_500MB_43.90,1216,1216,43.90
				,41833,FRANQUIA_DADOS_500MB_46.90,FRANQUIA_DADOS_500MB_46.90,1216,1216,46.90
				,41834,FRANQUIA_DADOS_500MB_63.90,FRANQUIA_DADOS_500MB_63.90,1216,1216,63.90
				,41835,FRANQUIA_DADOS_500MB_76.90,FRANQUIA_DADOS_500MB_76.90,1216,1216,76.90
				,41836,FRANQUIA_DADOS_1GB_1.50,FRANQUIA_DADOS_1GB_1.50,1209,1209,1.50
				,41837,FRANQUIA_DADOS_1GB_3.90,FRANQUIA_DADOS_1GB_3.90,1209,1209,3.90
				,41838,FRANQUIA_DADOS_1GB_8.00,FRANQUIA_DADOS_1GB_8.00,1209,1209,8.00
				,41839,FRANQUIA_DADOS_1GB_10.90,FRANQUIA_DADOS_1GB_10.90,1209,1209,10.90
				,41840,FRANQUIA_DADOS_1GB_11.90,FRANQUIA_DADOS_1GB_11.90,1209,1209,11.90
				,41841,FRANQUIA_DADOS_1GB_12.90,FRANQUIA_DADOS_1GB_12.90,1209,1209,12.90
				,41842,FRANQUIA_DADOS_1GB_13.90,FRANQUIA_DADOS_1GB_13.90,1209,1209,13.90
				,41843,FRANQUIA_DADOS_1GB_15.90,FRANQUIA_DADOS_1GB_15.90,1209,1209,15.90
				,41844,FRANQUIA_DADOS_1GB_16.90,FRANQUIA_DADOS_1GB_16.90,1209,1209,16.90
				,41845,FRANQUIA_DADOS_1GB_22.90,FRANQUIA_DADOS_1GB_22.90,1209,1209,22.90
				,41846,FRANQUIA_DADOS_1GB_27.90,FRANQUIA_DADOS_1GB_27.90,1209,1209,27.90
				,41847,FRANQUIA_DADOS_1GB_31.90,FRANQUIA_DADOS_1GB_31.90,1209,1209,31.90
				,41848,FRANQUIA_DADOS_1GB_34.90,FRANQUIA_DADOS_1GB_34.90,1209,1209,34.90
				,41849,FRANQUIA_DADOS_1GB_39.90,FRANQUIA_DADOS_1GB_39.90,1209,1209,39.90
				,41850,FRANQUIA_DADOS_1GB_43.90,FRANQUIA_DADOS_1GB_43.90,1209,1209,43.90
				,41851,FRANQUIA_DADOS_1GB_46.90,FRANQUIA_DADOS_1GB_46.90,1209,1209,46.90
				,41852,FRANQUIA_DADOS_1GB_63.90,FRANQUIA_DADOS_1GB_63.90,1209,1209,63.90
				,41853,FRANQUIA_DADOS_1GB_76.90,FRANQUIA_DADOS_1GB_76.90,1209,1209,76.90
				,41854,FRANQUIA_DADOS_2GB_1.50,FRANQUIA_DADOS_2GB_1.50,1214,1214,1.50
				,41855,FRANQUIA_DADOS_2GB_8.00,FRANQUIA_DADOS_2GB_8.00,1214,1214,8.00
				,41856,FRANQUIA_DADOS_2GB_10.90,FRANQUIA_DADOS_2GB_10.90,1214,1214,10.90
				,41857,FRANQUIA_DADOS_2GB_11.90,FRANQUIA_DADOS_2GB_11.90,1214,1214,11.90
				,41858,FRANQUIA_DADOS_2GB_13.90,FRANQUIA_DADOS_2GB_13.90,1214,1214,13.90
				,41859,FRANQUIA_DADOS_2GB_14.90,FRANQUIA_DADOS_2GB_14.90,1214,1214,14.90
				,41860,FRANQUIA_DADOS_2GB_15.90,FRANQUIA_DADOS_2GB_15.90,1214,1214,15.90
				,41861,FRANQUIA_DADOS_2GB_16.90,FRANQUIA_DADOS_2GB_16.90,1214,1214,16.90
				,41862,FRANQUIA_DADOS_2GB_18.90,FRANQUIA_DADOS_2GB_18.90,1214,1214,18.90
				,41863,FRANQUIA_DADOS_2GB_23.90,FRANQUIA_DADOS_2GB_23.90,1214,1214,23.90
				,41864,FRANQUIA_DADOS_2GB_26.90,FRANQUIA_DADOS_2GB_26.90,1214,1214,26.90
				,41865,FRANQUIA_DADOS_2GB_34.90,FRANQUIA_DADOS_2GB_34.90,1214,1214,34.90
				,41866,FRANQUIA_DADOS_2GB_39.90,FRANQUIA_DADOS_2GB_39.90,1214,1214,39.90
				,41867,FRANQUIA_DADOS_2GB_43.90,FRANQUIA_DADOS_2GB_43.90,1214,1214,43.90
				,41868,FRANQUIA_DADOS_2GB_46.90,FRANQUIA_DADOS_2GB_46.90,1214,1214,46.90
				,41869,FRANQUIA_DADOS_2GB_63.90,FRANQUIA_DADOS_2GB_63.90,1214,1214,63.90
				,41870,FRANQUIA_DADOS_2GB_76.90,FRANQUIA_DADOS_2GB_76.90,1214,1214,76.90
				,41871,FRANQUIA_DADOS_5GB_1.50,FRANQUIA_DADOS_5GB_1.50,1211,1211,1.50
				,41872,FRANQUIA_DADOS_5GB_10.90,FRANQUIA_DADOS_5GB_10.90,1211,1211,10.90
				,41873,FRANQUIA_DADOS_5GB_11.90,FRANQUIA_DADOS_5GB_11.90,1211,1211,11.90
				,41874,FRANQUIA_DADOS_5GB_12.90,FRANQUIA_DADOS_5GB_12.90,1211,1211,12.90
				,41875,FRANQUIA_DADOS_5GB_13.90,FRANQUIA_DADOS_5GB_13.90,1211,1211,13.90
				,41876,FRANQUIA_DADOS_5GB_14.90,FRANQUIA_DADOS_5GB_14.90,1211,1211,14.90
				,41877,FRANQUIA_DADOS_5GB_16.90,FRANQUIA_DADOS_5GB_16.90,1211,1211,16.90
				,41878,FRANQUIA_DADOS_5GB_17.90,FRANQUIA_DADOS_5GB_17.90,1211,1211,17.90
				,41879,FRANQUIA_DADOS_5GB_18.90,FRANQUIA_DADOS_5GB_18.90,1211,1211,18.90
				,41880,FRANQUIA_DADOS_5GB_22.90,FRANQUIA_DADOS_5GB_22.90,1211,1211,22.90
				,41881,FRANQUIA_DADOS_5GB_26.90,FRANQUIA_DADOS_5GB_26.90,1211,1211,26.90
				,41882,FRANQUIA_DADOS_5GB_27.90,FRANQUIA_DADOS_5GB_27.90,1211,1211,27.90
				,41883,FRANQUIA_DADOS_5GB_34.90,FRANQUIA_DADOS_5GB_34.90,1211,1211,34.90
				,41884,FRANQUIA_DADOS_5GB_43.90,FRANQUIA_DADOS_5GB_43.90,1211,1211,43.90
				,41885,FRANQUIA_DADOS_5GB_46.90,FRANQUIA_DADOS_5GB_46.90,1211,1211,46.90
				,41886,FRANQUIA_DADOS_5GB_63.90,FRANQUIA_DADOS_5GB_63.90,1211,1211,63.90
				,41887,FRANQUIA_DADOS_5GB_76.90,FRANQUIA_DADOS_5GB_76.90,1211,1211,76.90
				,41888,FRANQUIA_DADOS_10GB_1.50,FRANQUIA_DADOS_10GB_1.50,1212,1212,1.50
				,41889,FRANQUIA_DADOS_10GB_8.00,FRANQUIA_DADOS_10GB_8.00,1212,1212,8.00
				,41890,FRANQUIA_DADOS_10GB_10.90,FRANQUIA_DADOS_10GB_10.90,1212,1212,10.90
				,41891,FRANQUIA_DADOS_10GB_11.90,FRANQUIA_DADOS_10GB_11.90,1212,1212,11.90
				,41892,FRANQUIA_DADOS_10GB_12.90,FRANQUIA_DADOS_10GB_12.90,1212,1212,12.90
				,41893,FRANQUIA_DADOS_10GB_13.90,FRANQUIA_DADOS_10GB_13.90,1212,1212,13.90
				,41894,FRANQUIA_DADOS_10GB_14.90,FRANQUIA_DADOS_10GB_14.90,1212,1212,14.90
				,41895,FRANQUIA_DADOS_10GB_15.90,FRANQUIA_DADOS_10GB_15.90,1212,1212,15.90
				,41896,FRANQUIA_DADOS_10GB_17.90,FRANQUIA_DADOS_10GB_17.90,1212,1212,17.90
				,41897,FRANQUIA_DADOS_10GB_18.90,FRANQUIA_DADOS_10GB_18.90,1212,1212,18.90
				,41898,FRANQUIA_DADOS_10GB_22.90,FRANQUIA_DADOS_10GB_22.90,1212,1212,22.90
				,41899,FRANQUIA_DADOS_10GB_26.90,FRANQUIA_DADOS_10GB_26.90,1212,1212,26.90
				,41900,FRANQUIA_DADOS_10GB_27.90,FRANQUIA_DADOS_10GB_27.90,1212,1212,27.90
				,41901,FRANQUIA_DADOS_10GB_34.90,FRANQUIA_DADOS_10GB_34.90,1212,1212,34.90
				,41902,FRANQUIA_DADOS_10GB_39.90,FRANQUIA_DADOS_10GB_39.90,1212,1212,39.90
				,41903,FRANQUIA_DADOS_10GB_46.90,FRANQUIA_DADOS_10GB_46.90,1212,1212,46.90
				,41904,FRANQUIA_DADOS_10GB_76.90,FRANQUIA_DADOS_10GB_76.90,1212,1212,76.90
				,41905,FRANQUIA_DADOS_20GB_1.50,FRANQUIA_DADOS_20GB_1.50,1213,1213,1.50
				,41906,FRANQUIA_DADOS_20GB_8.00,FRANQUIA_DADOS_20GB_8.00,1213,1213,8.00
				,41907,FRANQUIA_DADOS_20GB_10.90,FRANQUIA_DADOS_20GB_10.90,1213,1213,10.90
				,41908,FRANQUIA_DADOS_20GB_11.90,FRANQUIA_DADOS_20GB_11.90,1213,1213,11.90
				,41909,FRANQUIA_DADOS_20GB_12.90,FRANQUIA_DADOS_20GB_12.90,1213,1213,12.90
				,41910,FRANQUIA_DADOS_20GB_13.90,FRANQUIA_DADOS_20GB_13.90,1213,1213,13.90
				,41911,FRANQUIA_DADOS_20GB_14.90,FRANQUIA_DADOS_20GB_14.90,1213,1213,14.90
				,41912,FRANQUIA_DADOS_20GB_15.90,FRANQUIA_DADOS_20GB_15.90,1213,1213,15.90
				,41913,FRANQUIA_DADOS_20GB_16.90,FRANQUIA_DADOS_20GB_16.90,1213,1213,16.90
				,41914,FRANQUIA_DADOS_20GB_17.90,FRANQUIA_DADOS_20GB_17.90,1213,1213,17.90
				,41915,FRANQUIA_DADOS_20GB_22.90,FRANQUIA_DADOS_20GB_22.90,1213,1213,22.90
				,41916,FRANQUIA_DADOS_20GB_23.90,FRANQUIA_DADOS_20GB_23.90,1213,1213,23.90
				,41917,FRANQUIA_DADOS_20GB_27.90,FRANQUIA_DADOS_20GB_27.90,1213,1213,27.90
				,41918,FRANQUIA_DADOS_20GB_31.90,FRANQUIA_DADOS_20GB_31.90,1213,1213,31.90
				,41919,FRANQUIA_DADOS_20GB_39.90,FRANQUIA_DADOS_20GB_39.90,1213,1213,39.90
				,41920,FRANQUIA_DADOS_20GB_43.90,FRANQUIA_DADOS_20GB_43.90,1213,1213,43.90
				,41921,FRANQUIA_DADOS_20GB_63.90,FRANQUIA_DADOS_20GB_63.90,1213,1213,63.90
				,41922,FRANQUIA_DADOS_300KB_25.90,FRANQUIA_DADOS_300KB_25.90,1201,1201,25.90
				,41923,FRANQUIA_DADOS_300KB_36.90,FRANQUIA_DADOS_300KB_36.90,1201,1201,36.90
				,41924,FRANQUIA_DADOS_1MB_25.90,FRANQUIA_DADOS_1MB_25.90,1202,1202,25.90
				,41925,FRANQUIA_DADOS_1MB_36.90,FRANQUIA_DADOS_1MB_36.90,1202,1202,36.90
				,41926,FRANQUIA_DADOS_2MB_25.90,FRANQUIA_DADOS_2MB_25.90,1203,1203,25.90
				,41927,FRANQUIA_DADOS_2MB_36.90,FRANQUIA_DADOS_2MB_36.90,1203,1203,36.90
				,41928,FRANQUIA_DADOS_6MB_25.90,FRANQUIA_DADOS_6MB_25.90,1204,1204,25.90
				,41929,FRANQUIA_DADOS_6MB_36.90,FRANQUIA_DADOS_6MB_36.90,1204,1204,36.90
				,41930,FRANQUIA_DADOS_10MB_25.90,FRANQUIA_DADOS_10MB_25.90,1205,1205,25.90
				,41931,FRANQUIA_DADOS_10MB_36.90,FRANQUIA_DADOS_10MB_36.90,1205,1205,36.90
				,41932,FRANQUIA_DADOS_12MB_25.90,FRANQUIA_DADOS_12MB_25.90,1217,1217,25.90
				,41933,FRANQUIA_DADOS_12MB_36.90,FRANQUIA_DADOS_12MB_36.90,1217,1217,36.90
				,41934,FRANQUIA_DADOS_20MB_25.90,FRANQUIA_DADOS_20MB_25.90,1210,1210,25.90
				,41935,FRANQUIA_DADOS_20MB_36.90,FRANQUIA_DADOS_20MB_36.90,1210,1210,36.90
				,41936,FRANQUIA_DADOS_22MB_15.90,FRANQUIA_DADOS_22MB_15.90,1218,1218,15.90
				,41937,FRANQUIA_DADOS_22MB_16.90,FRANQUIA_DADOS_22MB_16.90,1218,1218,16.90
				,41938,FRANQUIA_DADOS_22MB_17.90,FRANQUIA_DADOS_22MB_17.90,1218,1218,17.90
				,41939,FRANQUIA_DADOS_22MB_18.90,FRANQUIA_DADOS_22MB_18.90,1218,1218,18.90
				,41940,FRANQUIA_DADOS_22MB_22.90,FRANQUIA_DADOS_22MB_22.90,1218,1218,22.90
				,41941,FRANQUIA_DADOS_22MB_23.90,FRANQUIA_DADOS_22MB_23.90,1218,1218,23.90
				,41942,FRANQUIA_DADOS_22MB_25.90,FRANQUIA_DADOS_22MB_25.90,1218,1218,25.90
				,41943,FRANQUIA_DADOS_22MB_26.90,FRANQUIA_DADOS_22MB_26.90,1218,1218,26.90
				,41944,FRANQUIA_DADOS_22MB_27.90,FRANQUIA_DADOS_22MB_27.90,1218,1218,27.90
				,41945,FRANQUIA_DADOS_22MB_31.90,FRANQUIA_DADOS_22MB_31.90,1218,1218,31.90
				,41946,FRANQUIA_DADOS_22MB_34.90,FRANQUIA_DADOS_22MB_34.90,1218,1218,34.90
				,41947,FRANQUIA_DADOS_22MB_36.90,FRANQUIA_DADOS_22MB_36.90,1218,1218,36.90
				,41948,FRANQUIA_DADOS_22MB_39.90,FRANQUIA_DADOS_22MB_39.90,1218,1218,39.90
				,41949,FRANQUIA_DADOS_22MB_43.90,FRANQUIA_DADOS_22MB_43.90,1218,1218,43.90
				,41950,FRANQUIA_DADOS_22MB_46.90,FRANQUIA_DADOS_22MB_46.90,1218,1218,46.90
				,41951,FRANQUIA_DADOS_22MB_63.90,FRANQUIA_DADOS_22MB_63.90,1218,1218,63.90
				,41952,FRANQUIA_DADOS_22MB_76.90,FRANQUIA_DADOS_22MB_76.90,1218,1218,76.90
				,41953,FRANQUIA_DADOS_25MB_1.50,FRANQUIA_DADOS_25MB_1.50,1215,1215,1.50
				,41954,FRANQUIA_DADOS_25MB_8.00,FRANQUIA_DADOS_25MB_8.00,1215,1215,8.00
				,41955,FRANQUIA_DADOS_25MB_25.90,FRANQUIA_DADOS_25MB_25.90,1215,1215,25.90
				,41956,FRANQUIA_DADOS_25MB_36.90,FRANQUIA_DADOS_25MB_36.90,1215,1215,36.90
				,41957,FRANQUIA_DADOS_31MB_25.90,FRANQUIA_DADOS_31MB_25.90,1219,1219,25.90
				,41958,FRANQUIA_DADOS_31MB_36.90,FRANQUIA_DADOS_31MB_36.90,1219,1219,36.90
				,41959,FRANQUIA_DADOS_50MB_25.90,FRANQUIA_DADOS_50MB_25.90,1206,1206,25.90
				,41960,FRANQUIA_DADOS_50MB_36.90,FRANQUIA_DADOS_50MB_36.90,1206,1206,36.90
				,41961,FRANQUIA_DADOS_52MB_0.00,FRANQUIA_DADOS_52MB_0.00,1222,1222,0.00
				,41962,FRANQUIA_DADOS_52MB_1.50,FRANQUIA_DADOS_52MB_1.50,1222,1222,1.50
				,41963,FRANQUIA_DADOS_52MB_1.90,FRANQUIA_DADOS_52MB_1.90,1222,1222,1.90
				,41964,FRANQUIA_DADOS_52MB_2.50,FRANQUIA_DADOS_52MB_2.50,1222,1222,2.50
				,41965,FRANQUIA_DADOS_52MB_2.90,FRANQUIA_DADOS_52MB_2.90,1222,1222,2.90
				,41966,FRANQUIA_DADOS_52MB_3.50,FRANQUIA_DADOS_52MB_3.50,1222,1222,3.50
				,41967,FRANQUIA_DADOS_52MB_3.90,FRANQUIA_DADOS_52MB_3.90,1222,1222,3.90
				,41968,FRANQUIA_DADOS_52MB_4.50,FRANQUIA_DADOS_52MB_4.50,1222,1222,4.50
				,41969,FRANQUIA_DADOS_52MB_4.90,FRANQUIA_DADOS_52MB_4.90,1222,1222,4.90
				,41970,FRANQUIA_DADOS_52MB_5.90,FRANQUIA_DADOS_52MB_5.90,1222,1222,5.90
				,41971,FRANQUIA_DADOS_52MB_6.90,FRANQUIA_DADOS_52MB_6.90,1222,1222,6.90
				,41972,FRANQUIA_DADOS_52MB_7.90,FRANQUIA_DADOS_52MB_7.90,1222,1222,7.90
				,41973,FRANQUIA_DADOS_52MB_8.00,FRANQUIA_DADOS_52MB_8.00,1222,1222,8.00
				,41974,FRANQUIA_DADOS_52MB_8.90,FRANQUIA_DADOS_52MB_8.90,1222,1222,8.90
				,41975,FRANQUIA_DADOS_52MB_9.90,FRANQUIA_DADOS_52MB_9.90,1222,1222,9.90
				,41976,FRANQUIA_DADOS_52MB_10.90,FRANQUIA_DADOS_52MB_10.90,1222,1222,10.90
				,41977,FRANQUIA_DADOS_52MB_11.90,FRANQUIA_DADOS_52MB_11.90,1222,1222,11.90
				,41978,FRANQUIA_DADOS_52MB_12.90,FRANQUIA_DADOS_52MB_12.90,1222,1222,12.90
				,41979,FRANQUIA_DADOS_52MB_13.90,FRANQUIA_DADOS_52MB_13.90,1222,1222,13.90
				,41980,FRANQUIA_DADOS_52MB_14.90,FRANQUIA_DADOS_52MB_14.90,1222,1222,14.90
				,41981,FRANQUIA_DADOS_52MB_15.90,FRANQUIA_DADOS_52MB_15.90,1222,1222,15.90
				,41982,FRANQUIA_DADOS_52MB_16.90,FRANQUIA_DADOS_52MB_16.90,1222,1222,16.90
				,41983,FRANQUIA_DADOS_52MB_17.90,FRANQUIA_DADOS_52MB_17.90,1222,1222,17.90
				,41984,FRANQUIA_DADOS_52MB_18.90,FRANQUIA_DADOS_52MB_18.90,1222,1222,18.90
				,41985,FRANQUIA_DADOS_52MB_22.90,FRANQUIA_DADOS_52MB_22.90,1222,1222,22.90
				,41986,FRANQUIA_DADOS_52MB_23.90,FRANQUIA_DADOS_52MB_23.90,1222,1222,23.90
				,41987,FRANQUIA_DADOS_52MB_25.90,FRANQUIA_DADOS_52MB_25.90,1222,1222,25.90
				,41988,FRANQUIA_DADOS_52MB_26.90,FRANQUIA_DADOS_52MB_26.90,1222,1222,26.90
				,41989,FRANQUIA_DADOS_52MB_27.90,FRANQUIA_DADOS_52MB_27.90,1222,1222,27.90
				,41990,FRANQUIA_DADOS_52MB_31.90,FRANQUIA_DADOS_52MB_31.90,1222,1222,31.90
				,41991,FRANQUIA_DADOS_52MB_34.90,FRANQUIA_DADOS_52MB_34.90,1222,1222,34.90
				,41992,FRANQUIA_DADOS_52MB_36.90,FRANQUIA_DADOS_52MB_36.90,1222,1222,36.90
				,41993,FRANQUIA_DADOS_52MB_39.90,FRANQUIA_DADOS_52MB_39.90,1222,1222,39.90
				,41994,FRANQUIA_DADOS_52MB_43.90,FRANQUIA_DADOS_52MB_43.90,1222,1222,43.90
				,41995,FRANQUIA_DADOS_52MB_46.90,FRANQUIA_DADOS_52MB_46.90,1222,1222,46.90
				,41996,FRANQUIA_DADOS_52MB_63.90,FRANQUIA_DADOS_52MB_63.90,1222,1222,63.90
				,41997,FRANQUIA_DADOS_52MB_76.90,FRANQUIA_DADOS_52MB_76.90,1222,1222,76.90
				,41998,FRANQUIA_DADOS_72MB_25.90,FRANQUIA_DADOS_72MB_25.90,1220,1220,25.90
				,41999,FRANQUIA_DADOS_72MB_36.90,FRANQUIA_DADOS_72MB_36.90,1220,1220,36.90
				,42000,FRANQUIA_DADOS_100MB_25.90,FRANQUIA_DADOS_100MB_25.90,1207,1207,25.90
				,42001,FRANQUIA_DADOS_100MB_36.90,FRANQUIA_DADOS_100MB_36.90,1207,1207,36.90
				,42002,FRANQUIA_DADOS_250MB_25.90,FRANQUIA_DADOS_250MB_25.90,1221,1221,25.90
				,42003,FRANQUIA_DADOS_250MB_36.90,FRANQUIA_DADOS_250MB_36.90,1221,1221,36.90
				,42004,FRANQUIA_DADOS_300MB_25.90,FRANQUIA_DADOS_300MB_25.90,1208,1208,25.90
				,42005,FRANQUIA_DADOS_300MB_36.90,FRANQUIA_DADOS_300MB_36.90,1208,1208,36.90
				,42006,FRANQUIA_DADOS_500MB_25.90,FRANQUIA_DADOS_500MB_25.90,1216,1216,25.90
				,42007,FRANQUIA_DADOS_500MB_36.90,FRANQUIA_DADOS_500MB_36.90,1216,1216,36.90
				,42008,FRANQUIA_DADOS_1GB_25.90,FRANQUIA_DADOS_1GB_25.90,1209,1209,25.90
				,42009,FRANQUIA_DADOS_1GB_36.90,FRANQUIA_DADOS_1GB_36.90,1209,1209,36.90
				,42010,FRANQUIA_DADOS_2GB_25.90,FRANQUIA_DADOS_2GB_25.90,1214,1214,25.90
				,42011,FRANQUIA_DADOS_2GB_36.90,FRANQUIA_DADOS_2GB_36.90,1214,1214,36.90
				,42012,FRANQUIA_DADOS_5GB_25.90,FRANQUIA_DADOS_5GB_25.90,1211,1211,25.90
				,42013,FRANQUIA_DADOS_5GB_36.90,FRANQUIA_DADOS_5GB_36.90,1211,1211,36.90
				,42014,FRANQUIA_DADOS_6GB_0.00,FRANQUIA_DADOS_6GB_0.00,1223,1223,0.00
				,42015,FRANQUIA_DADOS_6GB_1.50,FRANQUIA_DADOS_6GB_1.50,1223,1223,1.50
				,42016,FRANQUIA_DADOS_6GB_1.90,FRANQUIA_DADOS_6GB_1.90,1223,1223,1.90
				,42017,FRANQUIA_DADOS_6GB_2.50,FRANQUIA_DADOS_6GB_2.50,1223,1223,2.50
				,42018,FRANQUIA_DADOS_6GB_2.90,FRANQUIA_DADOS_6GB_2.90,1223,1223,2.90
				,42019,FRANQUIA_DADOS_6GB_3.50,FRANQUIA_DADOS_6GB_3.50,1223,1223,3.50
				,42020,FRANQUIA_DADOS_6GB_3.90,FRANQUIA_DADOS_6GB_3.90,1223,1223,3.90
				,42021,FRANQUIA_DADOS_6GB_4.50,FRANQUIA_DADOS_6GB_4.50,1223,1223,4.50
				,42022,FRANQUIA_DADOS_6GB_4.90,FRANQUIA_DADOS_6GB_4.90,1223,1223,4.90
				,42023,FRANQUIA_DADOS_6GB_5.90,FRANQUIA_DADOS_6GB_5.90,1223,1223,5.90
				,42024,FRANQUIA_DADOS_6GB_6.90,FRANQUIA_DADOS_6GB_6.90,1223,1223,6.90
				,42025,FRANQUIA_DADOS_6GB_7.90,FRANQUIA_DADOS_6GB_7.90,1223,1223,7.90
				,42026,FRANQUIA_DADOS_6GB_8.00,FRANQUIA_DADOS_6GB_8.00,1223,1223,8.00
				,42027,FRANQUIA_DADOS_6GB_8.90,FRANQUIA_DADOS_6GB_8.90,1223,1223,8.90
				,42028,FRANQUIA_DADOS_6GB_9.90,FRANQUIA_DADOS_6GB_9.90,1223,1223,9.90
				,42029,FRANQUIA_DADOS_6GB_10.90,FRANQUIA_DADOS_6GB_10.90,1223,1223,10.90
				,42030,FRANQUIA_DADOS_6GB_11.90,FRANQUIA_DADOS_6GB_11.90,1223,1223,11.90
				,42031,FRANQUIA_DADOS_6GB_12.90,FRANQUIA_DADOS_6GB_12.90,1223,1223,12.90
				,42032,FRANQUIA_DADOS_6GB_13.90,FRANQUIA_DADOS_6GB_13.90,1223,1223,13.90
				,42033,FRANQUIA_DADOS_6GB_14.90,FRANQUIA_DADOS_6GB_14.90,1223,1223,14.90
				,42034,FRANQUIA_DADOS_6GB_15.90,FRANQUIA_DADOS_6GB_15.90,1223,1223,15.90
				,42035,FRANQUIA_DADOS_6GB_16.90,FRANQUIA_DADOS_6GB_16.90,1223,1223,16.90
				,42036,FRANQUIA_DADOS_6GB_17.90,FRANQUIA_DADOS_6GB_17.90,1223,1223,17.90
				,42037,FRANQUIA_DADOS_6GB_18.90,FRANQUIA_DADOS_6GB_18.90,1223,1223,18.90
				,42038,FRANQUIA_DADOS_6GB_22.90,FRANQUIA_DADOS_6GB_22.90,1223,1223,22.90
				,42039,FRANQUIA_DADOS_6GB_23.90,FRANQUIA_DADOS_6GB_23.90,1223,1223,23.90
				,42040,FRANQUIA_DADOS_6GB_25.90,FRANQUIA_DADOS_6GB_25.90,1223,1223,25.90
				,42041,FRANQUIA_DADOS_6GB_26.90,FRANQUIA_DADOS_6GB_26.90,1223,1223,26.90
				,42042,FRANQUIA_DADOS_6GB_27.90,FRANQUIA_DADOS_6GB_27.90,1223,1223,27.90
				,42043,FRANQUIA_DADOS_6GB_31.90,FRANQUIA_DADOS_6GB_31.90,1223,1223,31.90
				,42044,FRANQUIA_DADOS_6GB_34.90,FRANQUIA_DADOS_6GB_34.90,1223,1223,34.90
				,42045,FRANQUIA_DADOS_6GB_36.90,FRANQUIA_DADOS_6GB_36.90,1223,1223,36.90
				,42046,FRANQUIA_DADOS_6GB_39.90,FRANQUIA_DADOS_6GB_39.90,1223,1223,39.90
				,42047,FRANQUIA_DADOS_6GB_43.90,FRANQUIA_DADOS_6GB_43.90,1223,1223,43.90
				,42048,FRANQUIA_DADOS_6GB_46.90,FRANQUIA_DADOS_6GB_46.90,1223,1223,46.90
				,42049,FRANQUIA_DADOS_6GB_63.90,FRANQUIA_DADOS_6GB_63.90,1223,1223,63.90
				,42050,FRANQUIA_DADOS_6GB_76.90,FRANQUIA_DADOS_6GB_76.90,1223,1223,76.90
				,42051,FRANQUIA_DADOS_10GB_25.90,FRANQUIA_DADOS_10GB_25.90,1212,1212,25.90
				,42052,FRANQUIA_DADOS_10GB_36.90,FRANQUIA_DADOS_10GB_36.90,1212,1212,36.90
				,42053,FRANQUIA_DADOS_20GB_25.90,FRANQUIA_DADOS_20GB_25.90,1213,1213,25.90
				,42054,FRANQUIA_DADOS_20GB_36.90,FRANQUIA_DADOS_20GB_36.90,1213,1213,36.90